
Exercise 1: Simple CRUD Application
Create a console-based Employee Management System with:
• Add employee
• View all employees
• Update employee salary
• Delete employee
• Search employee by name


mysql> create table employee(
    -> name varchar(20),
    -> salary int,
    -> department varchar(20));
Query OK, 0 rows affected (0.14 sec)

mysql> show tables;
+--------------------------+
| Tables_in_mysql_practice |
+--------------------------+
| employee                 |
+--------------------------+
1 row in set (0.05 sec)

mysql> describe employee;
+------------+-------------+------+-----+---------+-------+
| Field      | Type        | Null | Key | Default | Extra |
+------------+-------------+------+-----+---------+-------+
| name       | varchar(20) | YES  |     | NULL    |       |
| salary     | int         | YES  |     | NULL    |       |
| department | varchar(20) | YES  |     | NULL    |       |
+------------+-------------+------+-----+---------+-------+
3 rows in set (0.01 sec)

mysql> insert into employee values(
    -> 'Bhumika', 80000, 'Finance');
Query OK, 1 row affected (0.04 sec)

mysql> insert into employee value('Disha', 50000, 'IT');
Query OK, 1 row affected (0.61 sec)

mysql> insert into employee value('Arya', 40000, 'HR');
Query OK, 1 row affected (1.66 sec)

mysql> select name from employee;
+---------+
| name    |
+---------+
| Bhumika |
| Disha   |
| Arya    |
+---------+
3 rows in set (0.00 sec)

mysql> update employee
    -> set salary = 90000
    -> where name = 'Bhumika';
Query OK, 1 row affected (0.16 sec)
Rows matched: 1  Changed: 1  Warnings: 0

mysql> select * from employee;
+---------+--------+------------+
| name    | salary | department |
+---------+--------+------------+
| Bhumika |  90000 | Finance    |
| Disha   |  50000 | IT         |
| Arya    |  40000 | HR         |
+---------+--------+------------+
3 rows in set (0.01 sec)

mysql> delete from employee
    -> where name = 'Arya';
Query OK, 1 row affected (0.35 sec)

mysql> select * from employee;
+---------+--------+------------+
| name    | salary | department |
+---------+--------+------------+
| Bhumika |  90000 | Finance    |
| Disha   |  50000 | IT         |
+---------+--------+------------+
2 rows in set (0.00 sec)

mysql> select * from employee where name ='Bhumika';
+---------+--------+------------+
| name    | salary | department |
+---------+--------+------------+
| Bhumika |  90000 | Finance    |
+---------+--------+------------+
1 row in set (0.00 sec)